official_scenic_id,scenic_name,category_name,element_uid,element_type,element_id,poi_name,poi_detail_type,poi_categories,poi_lat,poi_lng,distance_m,raw_tags_json,poi_zone
BJ20_06,明十三陵,皇家文化类,node_11096256375,node,11096256375,昌平王庄,transport,transport,40.2598034,116.2196435,106.48,"{""bus"": ""yes"", ""name"": ""昌平王庄"", ""name:zh"": ""昌平王庄"", ""public_transport"": ""stop_position""}",external
BJ20_06,明十三陵,皇家文化类,node_11096256374,node,11096256374,昌平王庄,bus,transport,40.2598132,116.219576,109.95,"{""bus"": ""yes"", ""highway"": ""bus_stop"", ""name"": ""昌平王庄"", ""name:zh"": ""昌平王庄"", ""public_transport"": ""platform""}",external
BJ20_06,明十三陵,皇家文化类,node_11096256376,node,11096256376,昌平王庄,transport,transport,40.2595936,116.2217771,155.54,"{""bus"": ""yes"", ""name"": ""昌平王庄"", ""name:zh"": ""昌平王庄"", ""public_transport"": ""stop_position""}",external
BJ20_06,明十三陵,皇家文化类,node_11096256377,node,11096256377,昌平王庄,bus,transport,40.2595536,116.2218588,159.7,"{""bus"": ""yes"", ""highway"": ""bus_stop"", ""name"": ""昌平王庄"", ""name:zh"": ""昌平王庄"", ""public_transport"": ""platform""}",external
BJ20_06,明十三陵,皇家文化类,way_454749377,way,454749377,厕所,public_service,public_service,40.2557347,116.2189843,369.26,"{""amenity"": ""toilets"", ""building"": ""yes"", ""name"": ""厕所""}",internal
BJ20_06,明十三陵,皇家文化类,node_7407702787,node,7407702787,,nearby_attractions,nearby_attractions,40.2557464,116.2185167,380.71,"{""name:en"": ""The Ming Tombs (Sacred Road)"", ""tourism"": ""attraction""}",internal
BJ20_06,明十三陵,皇家文化类,node_7407702687,node,7407702687,,nearby_attractions,nearby_attractions,40.2554087,116.2182858,422.85,"{""name:en"": ""The Ming Tombs (Sacred way)"", ""tourism"": ""attraction""}",internal
BJ20_06,明十三陵,皇家文化类,way_1301800941,way,1301800941,天润通苹果园,nearby_attractions,nearby_attractions,40.2545709,116.2198436,485.63,"{""landuse"": ""orchard"", ""name"": ""天润通苹果园"", ""tourism"": ""attraction""}",external
BJ20_06,明十三陵,皇家文化类,node_11096404201,node,11096404201,南新村,transport,transport,40.2543649,116.2188032,520.72,"{""bus"": ""yes"", ""name"": ""南新村"", ""name:zh"": ""南新村"", ""public_transport"": ""stop_position""}",external
BJ20_06,明十三陵,皇家文化类,node_11096404202,node,11096404202,南新村,bus,transport,40.2543339,116.218878,522.72,"{""bus"": ""yes"", ""highway"": ""bus_stop"", ""name"": ""南新村"", ""name:zh"": ""南新村"", ""public_transport"": ""platform""}",external
BJ20_06,明十三陵,皇家文化类,node_2381718341,node,2381718341,南新村,transport,transport,40.2541032,116.216488,620.86,"{""bus"": ""yes"", ""name"": ""南新村"", ""name:zh"": ""南新村"", ""public_transport"": ""stop_position""}",external
BJ20_06,明十三陵,皇家文化类,node_2381718336,node,2381718336,南新村,bus,transport,40.2541187,116.216423,622.17,"{""bench"": ""yes"", ""bin"": ""no"", ""bus"": ""yes"", ""highway"": ""bus_stop"", ""name"": ""南新村"", ""name:zh"": ""南新村"", ""public_transport"": ""platform"", ""shelter"": ""yes""}",external
BJ20_06,明十三陵,皇家文化类,node_13143785201,node,13143785201,Sacred Way exit,nearby_attractions,nearby_attractions,40.2645043,116.2242216,708.95,"{""name"": ""Sacred Way exit"", ""tourism"": ""attraction""}",external
BJ20_06,明十三陵,皇家文化类,way_1051740810,way,1051740810,明十三陵神路北门停车场,parking,parking,40.2643041,116.2254825,748.78,"{""access"": ""no"", ""amenity"": ""parking"", ""bus"": ""yes"", ""name"": ""明十三陵神路北门停车场""}",external
BJ20_06,明十三陵,皇家文化类,node_11601402431,node,11601402431,康陵园村东,transport,transport,40.2607632,116.2115939,755.08,"{""bus"": ""yes"", ""name"": ""康陵园村东"", ""public_transport"": ""stop_position""}",external
BJ20_06,明十三陵,皇家文化类,node_11601402432,node,11601402432,康陵园村东,bus,transport,40.2607543,116.2115384,759.35,"{""bus"": ""yes"", ""highway"": ""bus_stop"", ""name"": ""康陵园村东"", ""public_transport"": ""platform""}",external
BJ20_06,明十三陵,皇家文化类,way_1301800939,way,1301800939,天润通樱桃园,nearby_attractions,nearby_attractions,40.2521757,116.2186744,761.75,"{""landuse"": ""orchard"", ""name"": ""天润通樱桃园"", ""tourism"": ""attraction""}",external
BJ20_06,明十三陵,皇家文化类,node_11601402434,node,11601402434,康陵园村东,bus,transport,40.2618348,116.2117221,785.6,"{""bus"": ""yes"", ""highway"": ""bus_stop"", ""name"": ""康陵园村东"", ""public_transport"": ""platform""}",external
BJ20_06,明十三陵,皇家文化类,node_11601402433,node,11601402433,康陵园村东,transport,transport,40.2618479,116.2116711,790.15,"{""bus"": ""yes"", ""name"": ""康陵园村东"", ""public_transport"": ""stop_position""}",external
BJ20_06,明十三陵,皇家文化类,way_454749387,way,454749387,,parking,parking,40.2527199,116.2152971,804.69,"{""amenity"": ""parking""}",external
BJ20_06,明十三陵,皇家文化类,node_2381701183,node,2381701183,昌平胡庄,transport,transport,40.2658945,116.2252564,886.73,"{""bus"": ""yes"", ""name"": ""昌平胡庄"", ""name:zh"": ""昌平胡庄"", ""public_transport"": ""stop_position""}",external
BJ20_06,明十三陵,皇家文化类,node_11096256371,node,11096256371,昌平胡庄,bus,transport,40.2659555,116.2251924,890.04,"{""bus"": ""yes"", ""highway"": ""bus_stop"", ""name"": ""昌平胡庄"", ""name:zh"": ""昌平胡庄"", ""public_transport"": ""platform""}",external
BJ20_06,明十三陵,皇家文化类,node_2381701184,node,2381701184,昌平胡庄,transport,transport,40.2659063,116.2253483,891.69,"{""bus"": ""yes"", ""name"": ""昌平胡庄"", ""name:zh"": ""昌平胡庄"", ""public_transport"": ""stop_position""}",external
BJ20_06,明十三陵,皇家文化类,node_11096256372,node,11096256372,昌平胡庄,bus,transport,40.2658895,116.2254293,893.49,"{""bus"": ""yes"", ""highway"": ""bus_stop"", ""name"": ""昌平胡庄"", ""name:zh"": ""昌平胡庄"", ""public_transport"": ""platform""}",external
BJ20_06,明十三陵,皇家文化类,node_11601402456,node,11601402456,长陵园,bus,transport,40.2579637,116.2335535,1141.4,"{""bus"": ""yes"", ""highway"": ""bus_stop"", ""name"": ""长陵园"", ""public_transport"": ""platform""}",external
BJ20_06,明十三陵,皇家文化类,node_2587510317,node,2587510317,长陵园,transport,transport,40.257924,116.2335718,1143.37,"{""bus"": ""yes"", ""name"": ""长陵园"", ""public_transport"": ""stop_position""}",external
BJ20_06,明十三陵,皇家文化类,node_11601402451,node,11601402451,长陵园,transport,transport,40.2579628,116.2335891,1144.42,"{""bus"": ""yes"", ""name"": ""长陵园"", ""public_transport"": ""stop_position""}",external
BJ20_06,明十三陵,皇家文化类,node_2587510666,node,2587510666,长陵园,bus,transport,40.2579106,116.2336082,1146.6,"{""bench"": ""no"", ""bus"": ""yes"", ""highway"": ""bus_stop"", ""name"": ""长陵园"", ""public_transport"": ""platform"", ""shelter"": ""no""}",external
BJ20_06,明十三陵,皇家文化类,node_11449167789,node,11449167789,昌平胡庄,bus,transport,40.2678323,116.2280619,1195.33,"{""bus"": ""yes"", ""highway"": ""bus_stop"", ""name"": ""昌平胡庄"", ""name:zh"": ""昌平胡庄"", ""public_transport"": ""platform""}",external
BJ20_06,明十三陵,皇家文化类,node_2587510671,node,2587510671,昌平胡庄,transport,transport,40.2678109,116.2281932,1199.65,"{""bus"": ""yes"", ""name"": ""昌平胡庄"", ""name:zh"": ""昌平胡庄"", ""public_transport"": ""stop_position""}",external
BJ20_06,明十三陵,皇家文化类,node_2587510672,node,2587510672,昌平胡庄,transport,transport,40.2678752,116.2281026,1201.22,"{""bus"": ""yes"", ""name"": ""昌平胡庄"", ""name:zh"": ""昌平胡庄"", ""public_transport"": ""stop_position""}",external
BJ20_06,明十三陵,皇家文化类,node_11601402448,node,11601402448,长陵园村北,bus,transport,40.2632062,116.2332049,1204.45,"{""bus"": ""yes"", ""highway"": ""bus_stop"", ""name"": ""长陵园村北"", ""public_transport"": ""platform""}",external
BJ20_06,明十三陵,皇家文化类,node_11601402447,node,11601402447,长陵园村北,transport,transport,40.2632272,116.2332407,1208.17,"{""bus"": ""yes"", ""name"": ""长陵园村北"", ""public_transport"": ""stop_position""}",external
BJ20_06,明十三陵,皇家文化类,node_11449167788,node,11449167788,昌平胡庄,bus,transport,40.2678733,116.2282544,1208.31,"{""bus"": ""yes"", ""highway"": ""bus_stop"", ""name"": ""昌平胡庄"", ""name:zh"": ""昌平胡庄"", ""public_transport"": ""platform""}",external
BJ20_06,明十三陵,皇家文化类,node_11601402449,node,11601402449,长陵园村北,transport,transport,40.2629525,116.233474,1214.81,"{""bus"": ""yes"", ""name"": ""长陵园村北"", ""public_transport"": ""stop_position""}",external
BJ20_06,明十三陵,皇家文化类,node_11601402444,node,11601402444,胡庄路口西,bus,transport,40.2692816,116.2248195,1216.82,"{""bus"": ""yes"", ""highway"": ""bus_stop"", ""name"": ""胡庄路口西"", ""public_transport"": ""platform""}",external
BJ20_06,明十三陵,皇家文化类,node_11601402450,node,11601402450,长陵园村北,bus,transport,40.2629627,116.2335193,1218.8,"{""bus"": ""yes"", ""highway"": ""bus_stop"", ""name"": ""长陵园村北"", ""public_transport"": ""platform""}",external
BJ20_06,明十三陵,皇家文化类,node_11601402445,node,11601402445,胡庄路口西,transport,transport,40.2692918,116.2249983,1222.9,"{""bus"": ""yes"", ""name"": ""胡庄路口西"", ""public_transport"": ""stop_position""}",external
BJ20_06,明十三陵,皇家文化类,node_11601402443,node,11601402443,胡庄路口西,transport,transport,40.2693495,116.2248525,1224.87,"{""bus"": ""yes"", ""name"": ""胡庄路口西"", ""public_transport"": ""stop_position""}",external
BJ20_06,明十三陵,皇家文化类,node_11601402446,node,11601402446,胡庄路口西,bus,transport,40.2693218,116.2250218,1226.72,"{""bus"": ""yes"", ""highway"": ""bus_stop"", ""name"": ""胡庄路口西"", ""public_transport"": ""platform""}",external
BJ20_06,明十三陵,皇家文化类,node_11601402440,node,11601402440,十三陵镇政府,bus,transport,40.2705731,116.2190634,1297.84,"{""bus"": ""yes"", ""highway"": ""bus_stop"", ""name"": ""十三陵镇政府"", ""public_transport"": ""platform""}",external
BJ20_06,明十三陵,皇家文化类,node_11601402439,node,11601402439,十三陵镇政府,transport,transport,40.2706293,116.2190586,1304.1,"{""bus"": ""yes"", ""name"": ""十三陵镇政府"", ""public_transport"": ""stop_position""}",external
BJ20_06,明十三陵,皇家文化类,node_11601402441,node,11601402441,十三陵镇政府,transport,transport,40.2705998,116.2181959,1308.14,"{""bus"": ""yes"", ""name"": ""十三陵镇政府"", ""public_transport"": ""stop_position""}",external
BJ20_06,明十三陵,皇家文化类,node_11601402442,node,11601402442,十三陵镇政府,bus,transport,40.2706453,116.2181893,1313.23,"{""bus"": ""yes"", ""highway"": ""bus_stop"", ""name"": ""十三陵镇政府"", ""public_transport"": ""platform""}",external
BJ20_06,明十三陵,皇家文化类,node_2574818596,node,2574818596,,food_retail,food_retail,40.2692487,116.2278948,1321.58,"{""amenity"": ""restaurant""}",external
BJ20_06,明十三陵,皇家文化类,node_11601402436,node,11601402436,泰陵园村东,bus,transport,40.2700111,116.2115341,1433.11,"{""bus"": ""yes"", ""highway"": ""bus_stop"", ""name"": ""泰陵园村东"", ""public_transport"": ""platform""}",external
BJ20_06,明十三陵,皇家文化类,node_11601402437,node,11601402437,泰陵园村东,transport,transport,40.2701754,116.211861,1435.03,"{""bus"": ""yes"", ""name"": ""泰陵园村东"", ""public_transport"": ""stop_position""}",external
BJ20_06,明十三陵,皇家文化类,node_11601402438,node,11601402438,泰陵园村东,bus,transport,40.2702034,116.2118488,1438.25,"{""bus"": ""yes"", ""highway"": ""bus_stop"", ""name"": ""泰陵园村东"", ""public_transport"": ""platform""}",external
BJ20_06,明十三陵,皇家文化类,node_11601402435,node,11601402435,泰陵园村东,transport,transport,40.2700707,116.2115161,1439.59,"{""bus"": ""yes"", ""name"": ""泰陵园村东"", ""public_transport"": ""stop_position""}",external
BJ20_06,明十三陵,皇家文化类,node_2381683865,node,2381683865,大宫门,transport,transport,40.2466435,116.2137957,1469.31,"{""bus"": ""yes"", ""name"": ""大宫门"", ""name:zh"": ""大宫门"", ""public_transport"": ""stop_position""}",external
BJ20_06,明十三陵,皇家文化类,node_10104749594,node,10104749594,大宫门,bus,transport,40.2466528,116.2137571,1469.56,"{""bench"": ""yes"", ""bus"": ""yes"", ""highway"": ""bus_stop"", ""name"": ""大宫门"", ""name:zh"": ""大宫门"", ""public_transport"": ""platform"", ""shelter"": ""yes""}",external
BJ20_06,明十三陵,皇家文化类,node_11601344430,node,11601344430,大宫门村西,transport,transport,40.247861,116.2105155,1478.36,"{""bus"": ""yes"", ""name"": ""大宫门村西"", ""public_transport"": ""stop_position""}",external
BJ20_06,明十三陵,皇家文化类,node_11601344431,node,11601344431,大宫门村西,bus,transport,40.2478566,116.2104585,1481.45,"{""bus"": ""yes"", ""highway"": ""bus_stop"", ""name"": ""大宫门村西"", ""public_transport"": ""platform""}",external
BJ20_06,明十三陵,皇家文化类,node_5963657621,node,5963657621,,public_service,public_service,40.2696804,116.2305376,1484.43,"{""amenity"": ""toilets""}",external
BJ20_06,明十三陵,皇家文化类,node_10104749595,node,10104749595,大宫门,bus,transport,40.2464347,116.2138483,1489.32,"{""bench"": ""yes"", ""bus"": ""yes"", ""highway"": ""bus_stop"", ""name"": ""大宫门"", ""name:zh"": ""大宫门"", ""public_transport"": ""platform"", ""shelter"": ""yes""}",external
BJ20_06,明十三陵,皇家文化类,node_2381683864,node,2381683864,大宫门,transport,transport,40.2464704,116.2137213,1489.54,"{""bus"": ""yes"", ""name"": ""大宫门"", ""name:zh"": ""大宫门"", ""public_transport"": ""stop_position""}",external
BJ20_06,明十三陵,皇家文化类,node_2587509224,node,2587509224,南新村北口,transport,transport,40.2518925,116.2351268,1491.72,"{""bus"": ""yes"", ""name"": ""南新村北口"", ""public_transport"": ""stop_position""}",external
BJ20_06,明十三陵,皇家文化类,node_5963510692,node,5963510692,,parking,parking,40.2698343,116.2304608,1494.42,"{""amenity"": ""parking""}",external
BJ20_06,明十三陵,皇家文化类,node_11601402461,node,11601402461,南新村北口,bus,transport,40.2518844,116.2352036,1497.74,"{""bus"": ""yes"", ""highway"": ""bus_stop"", ""name"": ""南新村北口"", ""public_transport"": ""platform""}",external
BJ20_06,明十三陵,皇家文化类,node_11601344429,node,11601344429,大宫门村西,bus,transport,40.2475419,116.2105512,1506.39,"{""bus"": ""yes"", ""highway"": ""bus_stop"", ""name"": ""大宫门村西"", ""public_transport"": ""platform""}",external
BJ20_06,明十三陵,皇家文化类,node_11601344428,node,11601344428,大宫门村西,transport,transport,40.2475615,116.2104981,1507.01,"{""bus"": ""yes"", ""name"": ""大宫门村西"", ""public_transport"": ""stop_position""}",external
BJ20_06,明十三陵,皇家文化类,node_11601402457,node,11601402457,南新村北口,bus,transport,40.251567,116.2350943,1508.71,"{""bus"": ""yes"", ""highway"": ""bus_stop"", ""name"": ""南新村北口"", ""public_transport"": ""platform""}",external
BJ20_06,明十三陵,皇家文化类,node_2587509223,node,2587509223,南新村北口,transport,transport,40.2515775,116.2351587,1512.67,"{""bus"": ""yes"", ""name"": ""南新村北口"", ""public_transport"": ""stop_position""}",external
BJ20_06,明十三陵,皇家文化类,node_2587509215,node,2587509215,仙人洞村,bus,transport,40.2485276,116.235634,1749.91,"{""bench"": ""no"", ""bin"": ""no"", ""bus"": ""yes"", ""highway"": ""bus_stop"", ""name"": ""仙人洞村"", ""name:zh"": ""仙人洞村"", ""public_transport"": ""platform"", ""shelter"": ""yes""}",external
BJ20_06,明十三陵,皇家文化类,node_1758757024,node,1758757024,仙人洞村,transport,transport,40.2485542,116.2357022,1752.31,"{""bus"": ""yes"", ""name"": ""仙人洞村"", ""name:zh"": ""仙人洞村"", ""public_transport"": ""stop_position""}",external
BJ20_06,明十三陵,皇家文化类,node_2587509221,node,2587509221,仙人洞村,transport,transport,40.2480485,116.2358636,1799.95,"{""bus"": ""yes"", ""name"": ""仙人洞村"", ""name:zh"": ""仙人洞村"", ""public_transport"": ""stop_position""}",external
BJ20_06,明十三陵,皇家文化类,node_2587509214,node,2587509214,仙人洞村,bus,transport,40.2480551,116.2359242,1803.27,"{""bench"": ""no"", ""bin"": ""no"", ""bus"": ""yes"", ""highway"": ""bus_stop"", ""name"": ""仙人洞村"", ""name:zh"": ""仙人洞村"", ""public_transport"": ""platform"", ""shelter"": ""no""}",external
BJ20_06,明十三陵,皇家文化类,node_10123197422,node,10123197422,静莲斋,food_retail,food_retail,40.2490275,116.237386,1830.07,"{""amenity"": ""restaurant"", ""diet:vegan"": ""yes"", ""diet:vegetarian"": ""only"", ""name"": ""静莲斋""}",external
BJ20_06,明十三陵,皇家文化类,way_945409960,way,945409960,,parking,parking,40.2488515,116.2382401,1899.95,"{""amenity"": ""parking""}",external
BJ20_06,明十三陵,皇家文化类,node_10123197423,node,10123197423,孝顺椅,nearby_attractions,nearby_attractions,40.248615,116.2381947,1912.5,"{""name"": ""孝顺椅"", ""tourism"": ""attraction""}",external
BJ20_06,明十三陵,皇家文化类,node_5963529980,node,5963529980,,public_service,public_service,40.2729598,116.2345141,1978.89,"{""amenity"": ""toilets""}",external
BJ20_06,明十三陵,皇家文化类,node_5963529972,node,5963529972,,food_retail,food_retail,40.273068,116.234592,1992.44,"{""shop"": ""convenience""}",external
